Id,TagNo,Name,PLCNo,ModbusAddress,Length,AlgoNo,DataType,BitNo,Offset,Span,Description,Remark,CanWrite
386,386,"IO_INPUT1",1,40250,1,1,1,0,0,1,"Inputs1","",True
387,387,"IO_INPUT2",1,40250,1,1,3,1,0,1,"Inputs2","",True
388,388,"IO_INPUT3",1,40250,1,1,3,2,0,1,"Inputs3","",True
389,389,"IO_INPUT4",1,40250,1,1,3,3,0,1,"Inputs4","",True
390,390,"IO_INPUT5",1,40250,1,0,3,4,0,1,"Inputs5","",False
391,391,"IO_INPUT6",1,40250,1,0,3,5,0,1,"Inputs6","",False
392,392,"IO_INPUT7",1,40250,1,0,3,6,0,1,"Inputs7","",False
393,393,"IO_INPUT8",1,40250,1,0,3,7,0,1,"Inputs8","",False
394,394,"IO_INPUT9",1,40250,1,0,3,8,0,1,"Inputs9","",False
395,395,"IO_INPUT10",1,40250,1,0,3,9,0,1,"Inputs10","",False
396,396,"IO_INPUT11",1,40250,1,0,3,10,0,1,"Inputs11","",False
397,397,"IO_INPUT12",1,40250,1,0,3,11,0,1,"Inputs12","",False
398,398,"IO_INPUT13",1,40250,1,0,3,12,0,1,"Inputs13","",False
399,399,"IO_INPUT14",1,40250,1,0,3,13,0,1,"Inputs14","",False
400,400,"IO_INPUT15",1,40250,1,0,3,14,0,1,"Inputs15","",False
401,401,"IO_INPUT16",1,40250,1,0,3,15,0,1,"Inputs16","",False
402,402,"IO_INPUT17",1,40251,1,0,3,0,0,1,"Inputs17","",False
403,403,"IO_INPUT18",1,40251,1,0,3,1,0,1,"Inputs18","",False
404,404,"IO_INPUT19",1,40251,1,0,3,2,0,1,"Inputs19","",False
405,405,"IO_INPUT20",1,40251,1,0,3,3,0,1,"Inputs20","",False
406,406,"IO_INPUT21",1,40251,1,0,3,4,0,1,"Inputs21","",False
407,407,"IO_INPUT22",1,40251,1,0,3,5,0,1,"Inputs22","",False
408,408,"IO_INPUT23",1,40251,1,0,3,6,0,1,"Inputs23","",False
409,409,"IO_INPUT24",1,40251,1,0,3,7,0,1,"Inputs24","",False
410,410,"IO_INPUT25",1,40251,1,0,3,8,0,1,"Inputs25","",False
411,411,"IO_INPUT26",1,40251,1,0,3,9,0,1,"Inputs26","",False
412,412,"IO_INPUT27",1,40251,1,0,3,10,0,1,"Inputs27","",False
413,413,"IO_INPUT28",1,40251,1,0,3,11,0,1,"Inputs28","",False
414,414,"IO_INPUT29",1,40251,1,0,3,12,0,1,"Inputs29","",False
415,415,"IO_INPUT30",1,40251,1,0,3,13,0,1,"Inputs30","",False
416,416,"IO_INPUT31",1,40251,1,0,3,14,0,1,"Inputs31","",False
417,417,"IO_INPUT32",1,40251,1,0,3,15,0,1,"Inputs32","",False
418,418,"IO_INPUT33",1,40252,1,0,3,0,0,1,"Inputs33","",False
419,419,"IO_INPUT34",1,40252,1,0,3,1,0,1,"Inputs34","",False
420,420,"IO_INPUT35",1,40252,1,0,3,2,0,1,"Inputs35","",False
421,421,"IO_INPUT36",1,40252,1,0,3,3,0,1,"Inputs36","",False
422,422,"IO_INPUT37",1,40252,1,0,3,4,0,1,"Inputs37","",False
423,423,"IO_INPUT38",1,40252,1,0,3,5,0,1,"Inputs38","",False
424,424,"IO_INPUT39",1,40252,1,0,3,6,0,1,"Inputs39","",False
425,425,"IO_INPUT40",1,40252,1,0,3,7,0,1,"Inputs40","",False
426,426,"IO_INPUT41",1,40252,1,0,3,8,0,1,"Inputs41","",False
427,427,"IO_INPUT42",1,40252,1,0,3,9,0,1,"Inputs42","",False
428,428,"IO_INPUT43",1,40252,1,0,3,10,0,1,"Inputs43","",False
429,429,"IO_INPUT44",1,40252,1,0,3,11,0,1,"Inputs44","",False
430,430,"IO_INPUT45",1,40252,1,0,3,12,0,1,"Inputs45","",False
431,431,"IO_INPUT46",1,40252,1,0,3,13,0,1,"Inputs46","",False
432,432,"IO_INPUT47",1,40252,1,0,3,14,0,1,"Inputs47","",False
433,433,"IO_INPUT48",1,40252,1,0,3,15,0,1,"Inputs48","",False
434,434,"IO_INPUT49",1,40253,1,0,3,0,0,1,"Inputs49","",False
435,435,"IO_INPUT50",1,40253,1,0,3,1,0,1,"Inputs50","",False
436,436,"IO_INPUT51",1,40253,1,0,3,2,0,1,"Inputs51","",False
437,437,"IO_INPUT52",1,40253,1,0,3,3,0,1,"Inputs52","",False
438,438,"IO_INPUT53",1,40253,1,0,3,4,0,1,"Inputs53","",False
439,439,"IO_INPUT54",1,40253,1,0,3,5,0,1,"Inputs54","",False
440,440,"IO_INPUT55",1,40253,1,0,3,6,0,1,"Inputs55","",False
441,441,"IO_INPUT56",1,40253,1,0,3,7,0,1,"Inputs56","",False
442,442,"IO_INPUT57",1,40253,1,0,3,8,0,1,"Inputs57","",False
443,443,"IO_INPUT58",1,40253,1,0,3,9,0,1,"Inputs58","",False
444,444,"IO_INPUT59",1,40253,1,0,3,10,0,1,"Inputs59","",False
445,445,"IO_INPUT60",1,40253,1,0,3,11,0,1,"Inputs60","",False
446,446,"IO_INPUT61",1,40253,1,0,3,12,0,1,"Inputs61","",False
447,447,"IO_INPUT62",1,40253,1,0,3,13,0,1,"Inputs62","",False
448,448,"IO_INPUT63",1,40253,1,0,3,14,0,1,"Inputs63","",False
449,449,"IO_INPUT64",1,40253,1,0,3,15,0,1,"Inputs64","",False
450,450,"IO_INPUT65",1,40254,1,0,3,0,0,1,"Inputs65","",False
451,451,"IO_INPUT66",1,40254,1,0,3,1,0,1,"Inputs66","",False
452,452,"IO_INPUT67",1,40254,1,0,3,2,0,1,"Inputs67","",False
453,453,"IO_INPUT68",1,40254,1,0,3,3,0,1,"Inputs68","",False
454,454,"IO_INPUT69",1,40254,1,0,3,4,0,1,"Inputs69","",False
455,455,"IO_INPUT70",1,40254,1,0,3,5,0,1,"Inputs70","",False
456,456,"IO_INPUT71",1,40254,1,0,3,6,0,1,"Inputs71","",False
457,457,"IO_INPUT72",1,40254,1,0,3,7,0,1,"Inputs72","",False
458,458,"IO_INPUT73",1,40254,1,0,3,8,0,1,"Inputs73","",False
459,459,"IO_INPUT74",1,40254,1,0,3,9,0,1,"Inputs74","",False
460,460,"IO_INPUT75",1,40254,1,0,3,10,0,1,"Inputs75","",False
461,461,"IO_INPUT76",1,40254,1,0,3,11,0,1,"Inputs76","",False
462,462,"IO_INPUT77",1,40254,1,0,3,12,0,1,"Inputs77","",False
463,463,"IO_INPUT78",1,40254,1,0,3,13,0,1,"Inputs78","",False
464,464,"IO_INPUT79",1,40254,1,0,3,14,0,1,"Inputs79","",False
465,465,"IO_INPUT80",1,40254,1,0,3,15,0,1,"Inpu","",False
466,466,"IO_INPUT81",1,40255,1,0,3,0,0,1,"Inputs81","",False
467,467,"IO_INPUT82",1,40255,1,0,3,1,0,1,"Inputs82","",False
468,468,"IO_INPUT83",1,40255,1,0,3,2,0,1,"Inputs83","",False
469,469,"IO_INPUT84",1,40255,1,0,3,3,0,1,"Inputs84","",False
470,470,"IO_INPUT85",1,40255,1,0,3,4,0,1,"Inputs85","",False
471,471,"IO_INPUT86",1,40255,1,0,3,5,0,1,"Inputs86","",False
472,472,"IO_INPUT87",1,40255,1,0,3,6,0,1,"Inputs87","",False
473,473,"IO_INPUT88",1,40255,1,0,3,7,0,1,"Inputs88","",False
474,474,"IO_INPUT89",1,40255,1,0,3,8,0,1,"Inputs89","",False
475,475,"IO_INPUT90",1,40255,1,0,3,9,0,1,"Inputs90","",False
476,476,"IO_INPUT91",1,40255,1,0,3,10,0,1,"Inputs91","",False
477,477,"IO_INPUT92",1,40255,1,0,3,11,0,1,"Inputs92","",False
478,478,"IO_INPUT93",1,40255,1,0,3,12,0,1,"Inputs93","",False
479,479,"IO_INPUT94",1,40255,1,0,3,13,0,1,"Inputs94","",False
480,480,"IO_INPUT95",1,40255,1,0,3,14,0,1,"Inputs95","",False
481,481,"IO_INPUT96",1,40255,1,0,3,15,0,1,"Inputs96","",False
482,482,"IO_INPUT97",1,40256,1,0,3,0,0,1,"Inputs97","",False
483,483,"IO_INPUT98",1,40256,1,0,3,1,0,1,"Inputs98","",False
484,484,"IO_INPUT99",1,40256,1,0,3,2,0,1,"Inputs99","",False
485,485,"IO_INPUT100",1,40256,1,0,3,3,0,1,"Inputs100","",False
486,486,"IO_INPUT101",1,40256,1,0,3,4,0,1,"Inputs101","",False
487,487,"IO_INPUT102",1,40256,1,0,3,5,0,1,"Inputs102","",False
488,488,"IO_INPUT103",1,40256,1,0,3,6,0,1,"Inputs103","",False
489,489,"IO_INPUT104",1,40256,1,0,3,7,0,1,"Inputs104","",False
490,490,"IO_INPUT105",1,40256,1,0,3,8,0,1,"Inputs105","",False
491,491,"IO_INPUT106",1,40256,1,0,3,9,0,1,"Inputs106","",False
492,492,"IO_INPUT107",1,40256,1,0,3,10,0,1,"Inputs107","",False
493,493,"IO_INPUT108",1,40256,1,0,3,11,0,1,"Inputs108","",False
494,494,"IO_INPUT109",1,40256,1,0,3,12,0,1,"Inputs109","",False
495,495,"IO_INPUT110",1,40256,1,0,3,13,0,1,"Inputs110","",False
496,496,"IO_INPUT111",1,40256,1,0,3,14,0,1,"Inputs111","",False
497,497,"IO_INPUT112",1,40256,1,0,3,15,0,1,"Inputs112","",False
498,498,"IO_INPUT113",1,40257,1,0,3,0,0,1,"Inputs113","",False
499,499,"IO_INPUT114",1,40257,1,0,3,1,0,1,"Inputs114","",False
500,500,"IO_INPUT115",1,40257,1,0,3,2,0,1,"Inputs115","",False
501,501,"IO_INPUT116",1,40257,1,0,3,3,0,1,"Inputs116","",False
502,502,"IO_INPUT117",1,40257,1,0,3,4,0,1,"Inputs117","",False
503,503,"IO_INPUT118",1,40257,1,0,3,5,0,1,"Inputs118","",False
504,504,"IO_INPUT119",1,40257,1,0,3,6,0,1,"Inputs119","",False
505,505,"IO_INPUT120",1,40257,1,0,3,7,0,1,"Inputs120","",False
506,506,"IO_INPUT121",1,40257,1,0,3,8,0,1,"Inputs121","",False
507,507,"IO_INPUT122",1,40257,1,0,3,9,0,1,"Inputs122","",False
508,508,"IO_INPUT123",1,40257,1,0,3,10,0,1,"Inputs123","",False
509,509,"IO_INPUT124",1,40257,1,0,3,11,0,1,"Inputs124","",False
510,510,"IO_INPUT125",1,40257,1,0,3,12,0,1,"Inputs125","",False
511,511,"IO_INPUT126",1,40257,1,0,3,13,0,1,"Inputs126","",False
512,512,"IO_INPUT127",1,40257,1,0,3,14,0,1,"Inputs127","",False
513,513,"IO_INPUT128",1,40257,1,0,3,15,0,1,"Inputs128","",False
514,514,"IO_INPUT129",1,40258,1,0,3,0,0,1,"Inputs129","",False
515,515,"IO_INPUT130",1,40258,1,0,3,1,0,1,"Inputs130","",False
516,516,"IO_INPUT131",1,40258,1,0,3,2,0,1,"Inputs131","",False
517,517,"IO_INPUT132",1,40258,1,0,3,3,0,1,"Inputs132","",False
518,518,"IO_INPUT133",1,40258,1,0,3,4,0,1,"Inputs133","",False
519,519,"IO_INPUT134",1,40258,1,0,3,5,0,1,"Inputs134","",False
520,520,"IO_INPUT135",1,40258,1,0,3,6,0,1,"Inputs135","",False
521,521,"IO_INPUT136",1,40258,1,0,3,7,0,1,"Inputs136","",False
522,522,"IO_INPUT137",1,40258,1,0,3,8,0,1,"Inputs137","",False
523,523,"IO_INPUT138",1,40258,1,0,3,9,0,1,"Inputs138","",False
524,524,"IO_INPUT139",1,40258,1,0,3,10,0,1,"Inputs139","",False
525,525,"IO_INPUT140",1,40258,1,0,3,11,0,1,"Inputs140","",False
526,526,"IO_INPUT141",1,40258,1,0,3,12,0,1,"Inputs141","",False
527,527,"IO_INPUT142",1,40258,1,0,3,13,0,1,"Inputs142","",False
528,528,"IO_INPUT143",1,40258,1,0,3,14,0,1,"Inputs143","",False
529,529,"IO_INPUT144",1,40258,1,0,3,15,0,1,"Inputs144","",False
530,530,"IO_INPUT145",1,40259,1,0,3,0,0,1,"Inputs145","",False
531,531,"IO_INPUT146",1,40259,1,0,3,1,0,1,"Inputs146","",False
532,532,"IO_INPUT147",1,40259,1,0,3,2,0,1,"Inputs147","",False
533,533,"IO_INPUT148",1,40259,1,0,3,3,0,1,"Inputs148","",False
534,534,"IO_INPUT149",1,40259,1,0,3,4,0,1,"Inputs149","",False
535,535,"IO_INPUT150",1,40259,1,0,3,5,0,1,"Inputs150","",False
536,536,"IO_INPUT151",1,40259,1,0,3,6,0,1,"Inputs151","",False
537,537,"IO_INPUT152",1,40259,1,0,3,7,0,1,"Inputs152","",False
538,538,"IO_INPUT153",1,40259,1,0,3,8,0,1,"Inputs153","",False
539,539,"IO_INPUT154",1,40259,1,0,3,9,0,1,"Inputs154","",False
540,540,"IO_INPUT155",1,40259,1,0,3,10,0,1,"Inputs155","",False
541,541,"IO_INPUT156",1,40259,1,0,3,11,0,1,"Inputs156","",False
542,542,"IO_INPUT157",1,40259,1,0,3,12,0,1,"Inputs157","",False
543,543,"IO_INPUT158",1,40259,1,0,3,13,0,1,"Inputs158","",False
544,544,"IO_INPUT159",1,40259,1,0,3,14,0,1,"Inputs159","",False
546,546,"IO_OUTPUT1",1,40260,1,0,3,0,0,1,"Outputs1","",False
547,547,"IO_OUTPUT2",1,40260,1,0,3,1,0,1,"Outputs2","",False
548,548,"IO_OUTPUT3",1,40260,1,0,3,2,0,1,"Outputs3","",False
549,549,"IO_OUTPUT4",1,40260,1,0,3,3,0,1,"Outputs4","",False
550,550,"IO_OUTPUT5",1,40260,1,0,3,4,0,1,"Outputs5","",False
551,551,"IO_OUTPUT6",1,40260,1,0,3,5,0,1,"Outputs6","",False
552,552,"IO_OUTPUT7",1,40260,1,0,3,6,0,1,"Outputs7","",False
553,553,"IO_OUTPUT8",1,40260,1,0,3,7,0,1,"Outputs8","",False
554,554,"IO_OUTPUT9",1,40260,1,0,3,8,0,1,"Outputs9","",False
555,555,"IO_OUTPUT10",1,40260,1,0,3,9,0,1,"Outputs10","",False
556,556,"IO_OUTPUT11",1,40260,1,0,3,10,0,1,"Outputs11","",False
557,557,"IO_OUTPUT12",1,40260,1,0,3,11,0,1,"Outputs12","",False
558,558,"IO_OUTPUT13",1,40260,1,0,3,12,0,1,"Outputs13","",False
559,559,"IO_OUTPUT14",1,40260,1,0,3,13,0,1,"Outputs14","",False
560,560,"IO_OUTPUT15",1,40260,1,0,3,14,0,1,"Outputs15","",False
561,561,"IO_OUTPUT16",1,40260,1,0,3,15,0,1,"Outputs16","",False
562,562,"IO_OUTPUT17",1,40261,1,0,3,0,0,1,"Outputs17","",False
563,563,"IO_OUTPUT18",1,40261,1,0,3,1,0,1,"Outputs18","",False
564,564,"IO_OUTPUT19",1,40261,1,0,3,2,0,1,"Outputs19","",False
565,565,"IO_OUTPUT20",1,40261,1,0,3,3,0,1,"Outputs20","",False
566,566,"IO_OUTPUT21",1,40261,1,0,3,4,0,1,"Outputs21","",False
567,567,"IO_OUTPUT22",1,40261,1,0,3,5,0,1,"Outputs22","",False
568,568,"IO_OUTPUT23",1,40261,1,0,3,6,0,1,"Outputs23","",False
569,569,"IO_OUTPUT24",1,40261,1,0,3,7,0,1,"Outputs24","",False
570,570,"IO_OUTPUT25",1,40261,1,0,3,8,0,1,"Outputs25","",False
571,571,"IO_OUTPUT26",1,40261,1,0,3,9,0,1,"Outputs26","",False
572,572,"IO_OUTPUT27",1,40261,1,0,3,10,0,1,"Outputs27","",False
573,573,"IO_OUTPUT28",1,40261,1,0,3,11,0,1,"Outputs28","",False
574,574,"IO_OUTPUT29",1,40261,1,0,3,12,0,1,"Outputs29","",False
575,575,"IO_OUTPUT30",1,40261,1,0,3,13,0,1,"Outputs30","",False
576,576,"IO_OUTPUT31",1,40261,1,0,3,14,0,1,"Outputs31","",False
577,577,"IO_OUTPUT32",1,40261,1,0,3,15,0,1,"Outputs32","",False
578,578,"IO_OUTPUT33",1,40262,1,0,3,0,0,1,"Outputs33","",False
579,579,"IO_OUTPUT34",1,40262,1,0,3,1,0,1,"Outputs34","",False
580,580,"IO_OUTPUT35",1,40262,1,0,3,2,0,1,"Outputs35","",False
581,581,"IO_OUTPUT36",1,40262,1,0,3,3,0,1,"Outputs36","",False
582,582,"IO_OUTPUT37",1,40262,1,0,3,4,0,1,"Outputs37","",False
583,583,"IO_OUTPUT38",1,40262,1,0,3,5,0,1,"Outputs38","",False
584,584,"IO_OUTPUT39",1,40262,1,0,3,6,0,1,"Outputs39","",False
585,585,"IO_OUTPUT40",1,40262,1,0,3,7,0,1,"Outputs40","",False
586,586,"IO_OUTPUT41",1,40262,1,0,3,8,0,1,"Outputs41","",False
587,587,"IO_OUTPUT42",1,40262,1,0,3,9,0,1,"Outputs42","",False
588,588,"IO_OUTPUT43",1,40262,1,0,3,10,0,1,"Outputs43","",False
589,589,"IO_OUTPUT44",1,40262,1,0,3,11,0,1,"Outputs44","",False
590,590,"IO_OUTPUT45",1,40262,1,0,3,12,0,1,"Outputs45","",False
591,591,"IO_OUTPUT46",1,40262,1,0,3,13,0,1,"Outputs46","",False
592,592,"IO_OUTPUT47",1,40262,1,0,3,14,0,1,"Outputs47","",False
593,593,"IO_OUTPUT48",1,40262,1,0,3,15,0,1,"Outputs48","",False
594,594,"IO_OUTPUT49",1,40263,1,0,3,0,0,1,"Outputs49","",False
595,595,"IO_OUTPUT50",1,40263,1,0,3,1,0,1,"Outputs50","",False
596,596,"IO_OUTPUT51",1,40263,1,0,3,2,0,1,"Outputs51","",False
597,597,"IO_OUTPUT52",1,40263,1,0,3,3,0,1,"Outputs52","",False
598,598,"IO_OUTPUT53",1,40263,1,0,3,4,0,1,"Outputs53","",False
599,599,"IO_OUTPUT54",1,40263,1,0,3,5,0,1,"Outputs54","",False
600,600,"IO_OUTPUT55",1,40263,1,0,3,6,0,1,"Outputs55","",False
601,601,"IO_OUTPUT56",1,40263,1,0,3,7,0,1,"Outputs56","",False
602,602,"IO_OUTPUT57",1,40263,1,0,3,8,0,1,"Outputs57","",False
603,603,"IO_OUTPUT58",1,40263,1,0,3,9,0,1,"Outputs58","",False
604,604,"IO_OUTPUT59",1,40263,1,0,3,10,0,1,"Outputs59","",False
605,605,"IO_OUTPUT60",1,40263,1,0,3,11,0,1,"Outputs60","",False
606,606,"IO_OUTPUT61",1,40263,1,0,3,12,0,1,"Outputs61","",False
607,607,"IO_OUTPUT62",1,40263,1,0,3,13,0,1,"Outputs62","",False
608,608,"IO_OUTPUT63",1,40263,1,0,3,14,0,1,"Outputs63","",False
609,609,"IO_OUTPUT64",1,40263,1,0,3,15,0,1,"Outputs64","",False
610,610,"IO_OUTPUT65",1,40264,1,0,3,0,0,1,"Outputs65","",False
611,611,"IO_OUTPUT66",1,40264,1,0,3,1,0,1,"Outputs66","",False
612,612,"IO_OUTPUT67",1,40264,1,0,3,2,0,1,"Outputs67","",False
613,613,"IO_OUTPUT68",1,40264,1,0,3,3,0,1,"Outputs68","",False
614,614,"IO_OUTPUT69",1,40264,1,0,3,4,0,1,"Outputs69","",False
615,615,"IO_OUTPUT70",1,40264,1,0,3,5,0,1,"Outputs70","",False
616,616,"IO_OUTPUT71",1,40264,1,0,3,6,0,1,"Outputs71","",False
617,617,"IO_OUTPUT72",1,40264,1,0,3,7,0,1,"Outputs72","",False
618,618,"IO_OUTPUT73",1,40264,1,0,3,8,0,1,"Outputs73","",False
619,619,"IO_OUTPUT74",1,40264,1,0,3,9,0,1,"Outputs74","",False
620,620,"IO_OUTPUT75",1,40264,1,0,3,10,0,1,"Outputs75","",False
621,621,"IO_OUTPUT76",1,40264,1,0,3,11,0,1,"Outputs76","",False
622,622,"IO_OUTPUT77",1,40264,1,0,3,12,0,1,"Outputs77","",False
623,623,"IO_OUTPUT78",1,40264,1,0,3,13,0,1,"Outputs78","",False
624,624,"IO_OUTPUT79",1,40264,1,0,3,14,0,1,"Outputs79","",False
625,625,"IO_OUTPUT80",1,40264,1,0,3,15,0,1,"Outputs80","",False
626,626,"IO_OUTPUT81",1,40265,1,0,3,0,0,1,"Outputs81","",False
627,627,"IO_OUTPUT82",1,40265,1,0,3,1,0,1,"Outputs82","",False
628,628,"IO_OUTPUT83",1,40265,1,0,3,2,0,1,"Outputs83","",False
629,629,"IO_OUTPUT84",1,40265,1,0,3,3,0,1,"Outputs84","",False
630,630,"IO_OUTPUT85",1,40265,1,0,3,4,0,1,"Outputs85","",False
631,631,"IO_OUTPUT86",1,40265,1,0,3,5,0,1,"Outputs86","",False
632,632,"IO_OUTPUT87",1,40265,1,0,3,6,0,1,"Outputs87","",False
633,633,"IO_OUTPUT88",1,40265,1,0,3,7,0,1,"Outputs88","",False
634,634,"IO_OUTPUT89",1,40265,1,0,3,8,0,1,"Outputs89","",False
635,635,"IO_OUTPUT90",1,40265,1,0,3,9,0,1,"Outputs90","",False
636,636,"IO_OUTPUT91",1,40265,1,0,3,10,0,1,"Outputs91","",False
637,637,"IO_OUTPUT92",1,40265,1,0,3,11,0,1,"Outputs92","",False
638,638,"IO_OUTPUT93",1,40265,1,0,3,12,0,1,"Outputs93","",False
639,639,"IO_OUTPUT94",1,40265,1,0,3,13,0,1,"Outputs94","",False
640,640,"IO_OUTPUT95",1,40265,1,0,3,14,0,1,"Outputs95","",False
641,641,"IO_OUTPUT96",1,40265,1,0,3,15,0,1,"Outputs96","",False
642,642,"IO_OUTPUT97",1,40266,1,0,3,0,0,1,"Outputs97","",False
643,643,"IO_OUTPUT98",1,40266,1,0,3,1,0,1,"Outputs98","",False
644,644,"IO_OUTPUT99",1,40266,1,0,3,2,0,1,"Outputs99","",False
645,645,"IO_OUTPUT100",1,40266,1,0,3,3,0,1,"Outputs100","",False
646,646,"IO_OUTPUT101",1,40266,1,0,3,4,0,1,"Outputs101","",False
647,647,"IO_OUTPUT102",1,40266,1,0,3,5,0,1,"Outputs102","",False
648,648,"IO_OUTPUT103",1,40266,1,0,3,6,0,1,"Outputs103","",False
649,649,"IO_OUTPUT104",1,40266,1,0,3,7,0,1,"Outputs104","",False
650,650,"IO_OUTPUT105",1,40266,1,0,3,8,0,1,"Outputs105","",False
651,651,"IO_OUTPUT106",1,40266,1,0,3,9,0,1,"Outputs106","",False
652,652,"IO_OUTPUT107",1,40266,1,0,3,10,0,1,"Outputs107","",False
653,653,"IO_OUTPUT108",1,40266,1,0,3,11,0,1,"Outputs108","",False
654,654,"IO_OUTPUT109",1,40266,1,0,3,12,0,1,"Outputs109","",False
655,655,"IO_OUTPUT110",1,40266,1,0,3,13,0,1,"Outputs110","",False
656,656,"IO_OUTPUT111",1,40266,1,0,3,14,0,1,"Outputs111","",False
657,657,"IO_OUTPUT112",1,40266,1,0,3,15,0,1,"Outputs112","",False
658,658,"IO_OUTPUT113",1,40267,1,0,3,0,0,1,"Outputs113","",False
659,659,"IO_OUTPUT114",1,40267,1,0,3,1,0,1,"Outputs114","",False
660,660,"IO_OUTPUT115",1,40267,1,0,3,2,0,1,"Outputs115","",False
661,661,"IO_OUTPUT116",1,40267,1,0,3,3,0,1,"Outputs116","",False
662,662,"IO_OUTPUT117",1,40267,1,0,3,4,0,1,"Outputs117","",False
663,663,"IO_OUTPUT118",1,40267,1,0,3,5,0,1,"Outputs118","",False
664,664,"IO_OUTPUT119",1,40267,1,0,3,6,0,1,"Outputs119","",False
665,665,"IO_OUTPUT120",1,40267,1,0,3,7,0,1,"Outputs120","",False
666,666,"IO_OUTPUT121",1,40267,1,0,3,8,0,1,"Outputs121","",False
667,667,"IO_OUTPUT122",1,40267,1,0,3,9,0,1,"Outputs122","",False
668,668,"IO_OUTPUT123",1,40267,1,0,3,10,0,1,"Outputs123","",False
669,669,"IO_OUTPUT124",1,40267,1,0,3,11,0,1,"Outputs124","",False
670,670,"IO_OUTPUT125",1,40267,1,0,3,12,0,1,"Outputs125","",False
671,671,"IO_OUTPUT126",1,40267,1,0,3,13,0,1,"Outputs126","",False
672,672,"IO_OUTPUT127",1,40267,1,0,3,14,0,1,"Outputs127","",False
673,673,"IO_OUTPUT128",1,40267,1,0,3,15,0,1,"Outputs128","",False
674,674,"IO_OUTPUT129",1,40268,1,0,3,0,0,1,"Outputs129","",False
675,675,"IO_OUTPUT130",1,40268,1,0,3,1,0,1,"Outputs130","",False
676,676,"IO_OUTPUT131",1,40268,1,0,3,2,0,1,"Outputs131","",False
677,677,"IO_OUTPUT132",1,40268,1,0,3,3,0,1,"Outputs132","",False
678,678,"IO_OUTPUT133",1,40268,1,0,3,4,0,1,"Outputs133","",False
679,679,"IO_OUTPUT134",1,40268,1,0,3,5,0,1,"Outputs134","",False
680,680,"IO_OUTPUT135",1,40268,1,0,3,6,0,1,"Outputs135","",False
681,681,"IO_OUTPUT136",1,40268,1,0,3,7,0,1,"Outputs136","",False
682,682,"IO_OUTPUT137",1,40268,1,0,3,8,0,1,"Outputs137","",False
683,683,"IO_OUTPUT138",1,40268,1,0,3,9,0,1,"Outputs138","",False
684,684,"IO_OUTPUT139",1,40268,1,0,3,10,0,1,"Outputs139","",False
685,685,"IO_OUTPUT140",1,40268,1,0,3,11,0,1,"Outputs140","",False
686,686,"IO_OUTPUT141",1,40268,1,0,3,12,0,1,"Outputs141","",False
687,687,"IO_OUTPUT142",1,40268,1,0,3,13,0,1,"Outputs142","",False
688,688,"IO_OUTPUT143",1,40268,1,0,3,14,0,1,"Outputs143","",False
689,689,"IO_OUTPUT144",1,40268,1,0,3,15,0,1,"Outputs144","",False
690,690,"IO_OUTPUT145",1,40269,1,0,3,0,0,1,"Outputs145","",False
691,691,"IO_OUTPUT147",1,40269,1,0,3,1,0,1,"Outputs146","",False
692,692,"IO_OUTPUT148",1,40269,1,0,3,2,0,1,"Outputs147","",False
693,693,"IO_OUTPUT149",1,40269,1,0,3,3,0,1,"Outputs148","",False
694,694,"IO_OUTPUT150",1,40269,1,0,3,4,0,1,"Outputs149","",False
695,695,"IO_OUTPUT151",1,40269,1,0,3,5,0,1,"Outputs150","",False
696,696,"IO_OUTPUT152",1,40269,1,0,3,6,0,1,"Outputs151","",False
697,697,"IO_OUTPUT153",1,40269,1,0,3,7,0,1,"Outputs152","",False
698,698,"IO_OUTPUT154",1,40269,1,0,3,8,0,1,"Outputs153","",False
699,699,"IO_OUTPUT155",1,40269,1,0,3,9,0,1,"Outputs154","",False
700,700,"IO_OUTPUT156",1,40269,1,0,3,10,0,1,"Outputs155","",False
701,701,"IO_OUTPUT157",1,40269,1,0,3,11,0,1,"Outputs156","",False
702,702,"IO_OUTPUT158",1,40269,1,0,3,12,0,1,"Outputs157","",False
703,703,"IO_OUTPUT159",1,40269,1,0,3,13,0,1,"Outputs158","",False
704,704,"IO_OUTPUT160",1,40269,1,0,3,14,0,1,"Outputs159","",False
705,705,"IO_OUTPUT161",1,40269,1,0,3,15,0,1,"Outputs160","",False
